{"X1":[0,0.26,0.52,0.78,1.04,1.3,1.56,1.82,2.08,2.34,2.6],"Y1":[0,0.33086073338398825,0.5536781279416036,0.6588991755590035,0.6850494922542363,0.6672996671501441,0.6285266257526545,0.5834405338981419,0.542786006847234,0.5162878652093534,0.5150730187692968],"Z1":null,"X3":[0,0.13,0.26,0.39,0.52,0.65,0.78,0.91,1.04,1.17,1.3,1.4300000000000002,1.56,1.69,1.82,1.9500000000000002,2.08,2.21,2.34,2.47,2.6],"Y3":[0,0.17129399430729836,0.32394694514192013,0.4484732497634115,0.5423223291731954,0.6077626490562809,0.649243508391935,0.6716234484667595,0.6793319516453864,0.6761037397618048,0.6649824922994073,0.6484253683378087,0.6284308567856043,0.6066596251666454,0.5845396566071789,0.5633561112378711,0.5443299234042791,0.5286904752231258,0.5177483343947648,0.5129747599317531,0.5160958323839666],"Z3":null}