{"X1":[0.1,0.48,0.86,1.2400000000000002,1.62,2],"Y1":[0.8,0.47771651111111113,0.3202134110694346,0.25013096235062227,0.22790473835572542,0.23277336647521613],"Z1":null,"X3":[0.1,0.29000000000000004,0.48,0.67,0.86,1.05,1.2400000000000002,1.4300000000000002,1.62,1.81,2],"Y3":[0.8,0.6210699805555556,0.4914976265984924,0.3986212484574637,0.3331588665625439,0.28828046547838304,0.25893971136978106,0.24139169667995192,0.2328442162104385,0.23120502055680325,0.23489815917255416],"Z3":null}